temperature,humidity,cloud_cover,solar_irradiance,sunlight_hours,panel_capacity_kw,panel_efficiency,past_avg_kwh,energy_production_kwh
24.36350297118406,21.885751141204054,64.20316461542878,357.9683538457122,4.310090327011646,3,0.8665720373891155,25.403270022239866,6.525082509773647
38.767857660247905,58.184624675826825,8.413996499504883,915.8600350049512,7.188127789408888,4,0.8337606374603708,32.043630006370805,21.336076961946635
33.29984854528513,38.8613588645796,16.162871409461378,838.3712859053862,7.243810729660639,3,0.8136333013870465,26.03813677548971,18.060886578714637
29.966462104925917,50.514241469882165,89.85541885270793,101.44581147292075,7.824579408989239,3,0.8859531577642104,26.218759430707728,9.147063408129538
18.900466011060914,74.45398843556558,60.642905965958995,393.57094034041006,8.35654800233597,4,0.7666796223459227,32.533072053166904,13.7105998143297
18.899863008405067,34.9575337489325,0.9197051616629648,990.8029483833703,9.855112476775208,6,0.8238937656436289,23.06965732424794,48.133182098396475
16.452090304204987,44.62297538213778,10.147154286603211,898.5284571339679,7.097802089807172,6,0.7517030467151129,17.680304569012815,28.533628261427125
36.654403644373375,65.33306831258292,66.35017691080559,336.4982308919441,5.937738837647476,3,0.820299096299119,15.57565352626678,6.074500745607504
30.02787529358022,33.72788992949735,0.5061583846218687,994.9384161537813,8.771117168612221,4,0.7584454913522756,30.10274511347238,27.909132063628142
32.70181444490114,24.618794589727578,16.080805141749867,839.1919485825014,5.624993507572445,3,0.7678226874402108,27.406191027069294,14.432058669660341
15.51461235739506,37.38508717482608,54.87337893665861,451.2662106334139,6.633828524233817,5,0.7676289370165658,29.08159536198447,14.049317804680268
39.247746304049855,29.673277235240263,69.18951976926932,308.1048023073067,4.470738288053596,5,0.8473815453174095,19.259283230178212,11.049258187104934
35.81106602001054,75.78185914055439,65.19612595026005,348.0387404973995,4.152104460492745,3,0.8619067318898135,17.727429511735394,5.0938340586990325
20.308477766956905,68.48722277386501,22.42693094605598,775.7306905394402,9.77589048806755,6,0.8375053147645739,15.290893313357639,41.048778856631685
19.545624180177516,58.00422539062541,71.2179221347536,287.820778652464,9.015880723073234,6,0.8943258822711813,22.011751176131938,24.520631809239795
19.585112746335845,72.28763541126307,23.724908749680008,762.7509125032,8.175845236562187,3,0.8062305869285556,26.79835373709266,15.351153355343616
22.60605607398844,68.22032461394687,32.539969815926774,674.6003018407323,6.45371766648562,3,0.7928568129422792,22.844880901994646,12.093345980258517
28.11891079080595,31.194203533162153,74.64914051180241,253.50859488197585,5.039765920425075,5,0.8802898692284191,23.749498440474582,9.896597775954609
25.798625466052894,73.55353990939867,64.96328990472146,350.36710095278534,4.938622256026516,6,0.7835393757779179,33.08317388987497,13.568024380344742
22.28072850495105,52.36053451493904,84.9223410494178,150.77658950582207,5.501457388987572,3,0.8944833809160917,21.965109340466007,6.329536837888253
30.296322368059485,68.44640930984374,65.76128923003434,342.3871076996566,7.295359988236723,5,0.7518231712034724,25.279789783196215,15.042718696629054
18.487346516301045,73.7654779954096,56.830860333547164,431.6913966645284,8.287575536200375,6,0.8954818240061458,30.67306025482286,26.296372969648058
22.303616213380455,39.08020849831183,9.367476782809248,906.3252321719075,7.961184260306387,4,0.7564739867925864,22.930855646425403,21.720159207235003
24.159046082342293,26.603115471660605,36.77158030594335,632.2841969405665,5.679603381675657,5,0.8836714670547107,27.441734004557468,20.07583705647277
26.4017496054259,33.6761097525165,26.520236768172545,734.7976323182745,9.729191683979165,6,0.829155166362945,32.2472741749349,40.59587294692799
34.62939903482534,45.626467317575376,24.398964337908357,756.0103566209165,8.427381500174612,6,0.8989447194178951,33.990412473152844,36.59454946235444
19.991844553958995,69.08088595534959,97.30105547524455,26.98944524755442,7.326124315068404,5,0.7610694847103099,17.941469618580758,9.943430456217003
27.85586096034029,71.64383499538062,39.30977246667604,606.9022753332396,7.670324477406114,4,0.8330781426601981,33.53175250322989,19.988635445626436
29.810364221551062,20.417127831871444,89.20465551771133,107.95344482288671,6.517600374566739,5,0.8953953803428649,24.842325861590766,9.32226709781847
16.161260317999943,50.64483815465394,63.11386259972629,368.8613740027371,5.486385937006945,6,0.8284646766255224,20.164887765979167,16.61190259655012
30.18862129753596,45.04466018892674,79.48113035416485,205.1886964583516,6.135836071907569,3,0.8444097957202894,24.182715124765224,6.313455413211498
19.263103092182288,33.326468628243816,50.26370931051921,497.3629068948079,8.547076662786214,3,0.8543623033476926,34.60065150570954,15.421984521389142
16.62628982463199,27.19192204002097,57.69038846263591,423.0961153736409,4.086360931778535,5,0.818181159715166,24.85236187985739,9.142659082581222
38.722138431333335,40.25691028421768,49.25176938188639,507.4823061811361,4.696435843041497,6,0.8441337120126096,21.575032205750162,13.269008146403564
39.14080082686398,76.57458223475115,19.52429877980445,804.7570122019555,4.2760158521305165,3,0.8376471467884651,27.668017086334515,6.905424047436582
35.20993370291153,39.39217592124531,72.24521152615053,277.5478847384947,4.244372813913821,6,0.8851737015736484,19.802912375563864,11.757139408272758
22.61534422933427,51.12743730460197,28.07723624408558,719.2276375591442,9.132763504066043,5,0.7568169570512187,16.51726656217328,28.479898782988
17.441802850159597,62.18113753371067,2.431596643145384,975.6840335685462,8.221947156280141,3,0.7921444784388345,17.577594438212984,17.86569686611894
32.10582566280392,41.81777614275764,64.54722959071678,354.5277040928322,6.845042974523951,6,0.8925617226114838,17.56091677915545,21.841258340280678
26.003812343490033,78.30692496325764,17.711067940704893,822.8893205929511,4.587004963906009,3,0.8835395675836375,18.038053870245886,8.230532595111711
18.05095587111947,77.74683769652668,94.04585843529144,59.54141564708559,6.949695250700994,5,0.8183485129178569,17.776543452988204,10.50842916514764
27.379422752781757,35.10693774952185,95.39285770025873,46.07142299741274,6.840830624683394,6,0.8430198896702306,27.817494896064293,10.780155785755491
15.85971302788046,49.83491035354312,91.48643902204485,85.13560977955149,5.039211219460091,3,0.7916071774471699,18.637601687982897,3.6905464045647176
37.73301005196955,38.052698589006184,37.01587002554444,629.8412997445556,6.603109895427838,5,0.7782181739585642,21.913345666477262,19.423999456567426
21.469499540000424,37.090429662648056,1.5456616528867428,984.5433834711325,6.39102840638424,3,0.8195547607409973,32.935768198120236,14.260855958768087
31.56305710884955,22.21321684127197,92.83185625877253,71.68143741227473,7.695100588313299,3,0.803002834203908,24.479232805257446,6.488220361376303
22.792776902235275,56.57386003879381,42.81841483173143,571.8158516826857,7.810561905205863,4,0.8375484167776308,28.351154770420543,20.206834469799315
28.00170052944527,50.16074139373169,96.66548190436696,33.34518095633043,4.2718240586322676,4,0.7616601955447477,18.446397424032597,3.7622186415750405
28.66775698358199,23.08872507499936,96.36199770892529,36.38002291074716,6.247675687758827,5,0.896159221149925,18.845780376173416,11.264020309740648
19.621361388138176,36.71878785419669,85.300945546736,146.99054453263994,7.755159494285419,4,0.8979316116719405,15.817372325329577,10.31980027414641
39.239615694113965,74.49595315799922,29.444889206958567,705.5511079304143,7.018817551480526,5,0.8547242571029618,18.37870126144329,24.90232723399959
34.37832058402786,34.37371344001835,38.50977286019253,614.9022713980747,9.138939047129934,4,0.830414454951618,20.57180678063917,24.725320210756585
38.48747353910473,28.693692325473386,85.11366715168569,148.8633284831431,7.95216178971367,3,0.7964291424429492,18.540209685534936,4.511468823629945
37.37068376069122,49.36716561665378,31.692200515627768,683.0779948437223,4.977606562488578,5,0.8720692529560423,16.774050675141112,15.92307653453961
29.94749947027713,79.13902724663603,16.94927466860925,830.5072533139075,4.423412484402579,5,0.8527096758830819,17.412717422012015,17.594016572105986
38.04685587557792,34.523316290690026,55.68012624583501,443.19873754164985,7.854515669237894,3,0.7743925409017337,24.215575360654515,11.16940371631173
17.212312551297988,60.328132844352716,93.6154774160781,63.84522583921903,4.159067863249731,5,0.8866390776740765,19.12667436811585,7.487489467351919
19.89957156047863,65.69717691972306,69.6029796674973,303.9702033250271,7.51465348764078,5,0.8733805864384754,22.28539722096151,16.682618972235726
16.13068222276345,34.25825263954398,57.0061170089365,429.93882991063504,9.641381448549746,4,0.8924699869937887,25.068345417097138,21.467997158152272
23.133258269081608,63.692980916711576,9.717649377076853,902.8235062292315,7.452845067255273,5,0.858857926258254,28.807896572587307,29.697758023159253
24.71693224223705,42.06698796315519,61.500722669916975,384.99277330083027,6.329019557239132,6,0.8420122793903685,15.786242796821979,20.616576175215222
21.783725794347397,57.938349835614765,99.00538501042632,9.946149895736722,7.859729310654119,3,0.8127364554435929,30.988207978180853,6.8965895995248285
35.718437728798236,58.01178264565368,14.008401523652402,859.915984763476,6.749517342949099,4,0.889909272503102,27.558007789818156,22.28847956389557
23.918833167339734,52.14648104448551,51.832965236373674,481.6703476362633,7.273700735895609,4,0.8799095834250612,16.635180638977438,16.136546049579497
22.023362742184517,25.4173862032645,87.73730719279554,122.62692807204456,9.648788852659152,6,0.7567828005159284,32.47157248213554,17.45437124729375
28.567402078956214,70.11814973535428,74.07686177542044,259.23138224579554,6.316615826804646,3,0.7539550461745878,33.417448010636264,6.582757173262616
18.523105624369066,39.24680389830415,69.7015740995268,302.98425900473205,9.767143382943486,3,0.8064695050317074,16.221559197097275,13.241736916096166
35.054924518850996,31.191110623991253,70.24840839871092,297.5159160128907,9.432103851736382,4,0.8715829996172749,20.537552962944076,16.851904036514796
16.863766091994272,22.446508493285833,35.94911512197552,640.5088487802449,5.174746808735779,5,0.8980914193972417,31.124025595861227,18.102648708752817
39.672173415012935,55.45357659129451,29.359184426449335,706.4081557355066,4.416167805250993,4,0.7725625336655292,29.965193807673167,14.089053392547855
34.306119232416435,60.653861710536944,80.93611554785136,190.6388445214864,4.60466800826456,3,0.8391196073028203,18.690420387127546,6.643760626925997
19.96789203835431,20.995269735671368,81.01133946791808,189.88660532081926,4.109330953909298,6,0.8071336284946532,19.186986466734204,8.663770882992663
15.13805292809006,50.72558349795686,86.70723185801037,132.92768141989632,4.56665776453557,4,0.8954871596721905,22.40944205582764,8.703911411112776
35.386535711370854,33.58974651187628,91.32405525564712,86.7594474435287,8.09804064049814,3,0.8763178384703563,24.690459703820427,7.715713868188742
32.671433596190425,58.71036742456699,51.13423988609378,488.6576011390622,4.427131890761374,4,0.8757493057066708,27.36509543060592,7.16436665055903
33.22517920102469,30.461985740299486,50.15162946871996,498.4837053128004,5.913853781762568,5,0.8203039739692456,22.378272791395446,14.633877113346141
34.281758667148644,61.456264286147956,79.82951789667752,201.70482103322485,9.069251865816728,4,0.8122229253506498,24.25069432266296,10.977641830651923
16.85111629335226,43.20412077803225,64.99639307777652,350.03606922223486,4.139631614414955,4,0.7910110607896059,29.94941876267513,6.895232024266312
23.961643213606813,76.20379932420407,70.19668772577033,298.03312274229665,8.886810895533614,3,0.7584563244976391,15.733664057811957,10.785525734054941
17.896726488128245,28.251256648759593,79.57926694361011,204.20733056389895,5.691128648640399,3,0.879708356438258,20.048738886880415,9.565931052333246
36.57758564688984,40.46398106301551,89.00053418175663,109.9946581824337,4.7089889657299375,3,0.8719351513695116,29.26699171769105,5.499585462446055
30.58245317068895,26.808411274435343,33.79951568515358,662.0048431484641,8.180422992184905,4,0.8999576509929196,32.904136753743984,22.483934448782705
23.27245062131623,75.48161709671376,37.5582952639944,624.417047360056,7.773657080679304,5,0.8994955255610858,25.233548842313322,27.451907575342307
16.588958757150593,72.64036120285886,9.3981939840869,906.018060159131,9.264832081162318,6,0.8333147558403942,25.642269705306312,40.104066470916536
22.774558042891556,35.47649766290934,57.8280140996174,421.719859003826,8.410426262823314,6,0.8653481122770765,17.14344022679552,27.18633308748878
23.12958305066868,59.59904276205074,3.5942273796742086,964.057726203258,8.820885582309092,3,0.8917148594823643,23.948247336469095,24.188018687320525
33.2401544584516,69.03333201207295,46.55980181324602,534.4019818675398,5.692207435427839,3,0.8774471086016118,25.652345329100463,8.114991573955841
30.93893678388033,53.31204869596774,54.26446347075766,457.35536529242336,5.064637262678337,4,0.7871022152614796,19.849410072694592,11.892668885133938
37.18031856440817,51.77903470136039,28.65412521282844,713.4587478717156,8.50368850984515,6,0.817581620296514,20.38486461898762,34.25383547129369
26.805373129048732,34.5111374540271,59.08332605690107,409.16673943098925,8.841008435603584,3,0.7693739122727242,22.545683262092453,11.745447455962823
17.98985614845754,25.586166068353954,3.050024993904943,969.4997500609505,9.94303085200404,5,0.8931076540888083,15.401423955554527,44.44733017048813
32.83111968057487,73.83294547719962,3.7348188749214417,962.6518112507856,6.475706061468559,5,0.840926195167632,21.441583311663564,29.956050398967108
34.019626215422434,74.02508342979982,82.26005606596583,177.39943934034176,6.232108514756699,3,0.7842964208255194,19.22896013993089,6.894812982843341
29.031929939237408,57.986087436396076,36.019064141126286,639.8093585887373,8.65847776445198,3,0.8507551026608785,21.54994704355829,17.164558894887502
34.27417949886403,40.34178746292204,12.706051265188478,872.9394873481152,6.0448212415181075,6,0.8427192360686844,17.395242636385024,27.28645219022366
27.344889909109767,40.95257447675965,52.224326005480435,477.75673994519565,9.584543953621388,6,0.803724407704926,32.8105456147979,28.853172234737272
28.06832073454985,63.557340732214364,76.99935530986109,230.00644690138915,9.15047651105807,4,0.7670336388299444,26.871849071080973,14.908739070388288
25.68852545896374,73.82661559715463,21.582102749684317,784.1789725031568,6.5739641642501105,6,0.85073597933892,28.582046382889793,27.444025498317394
15.63547816860238,73.22518545590704,62.28904758190003,377.10952418099976,8.505226406748985,5,0.828046155135569,30.783424772146766,20.698138721745096
17.69728567483261,66.79253275145743,8.5347464993768,914.652535006232,8.527257244508094,5,0.8658477587603459,24.968843978581145,34.09955836642818
